<?xml version="1.0" encoding="ISO-8859-1" ?>
<link_info>
   <banner>TI ARM Linker PC v20.2.7.LTS</banner>
   <copyright>Copyright (c) 1996-2018 Texas Instruments Incorporated</copyright>
   <link_time>0x6771b9ed</link_time>
   <link_errors>0x0</link_errors>
   <output_file>Projeto_Limpo.out</output_file>
   <entry_point>
      <name>_c_int00_noargs</name>
      <address>0x3b5</address>
   </entry_point>
   <input_file_list>
      <input_file id="fl-2">
         <path>.\</path>
         <kind>object</kind>
         <file>UART.obj</file>
         <name>UART.obj</name>
      </input_file>
      <input_file id="fl-3">
         <path>.\</path>
         <kind>object</kind>
         <file>clock_Init.obj</file>
         <name>clock_Init.obj</name>
      </input_file>
      <input_file id="fl-4">
         <path>.\</path>
         <kind>object</kind>
         <file>fifo.obj</file>
         <name>fifo.obj</name>
      </input_file>
      <input_file id="fl-5">
         <path>.\</path>
         <kind>object</kind>
         <file>main.obj</file>
         <name>main.obj</name>
      </input_file>
      <input_file id="fl-6">
         <path>.\</path>
         <kind>object</kind>
         <file>tm4c123gh6pm_startup_ccs.obj</file>
         <name>tm4c123gh6pm_startup_ccs.obj</name>
      </input_file>
      <input_file id="fl-a">
         <kind>object</kind>
         <file>&lt;internal&gt;</file>
         <name>&lt;internal&gt;</name>
      </input_file>
      <input_file id="fl-c0">
         <path>C:\ti\ccs1271\ccs\tools\compiler\ti-cgt-arm_20.2.7.LTS\lib\</path>
         <kind>archive</kind>
         <file>rtsv7M4_T_le_v4SPD16_eabi.lib</file>
         <name>u_divt2.asm.obj</name>
      </input_file>
      <input_file id="fl-c1">
         <path>C:\ti\ccs1271\ccs\tools\compiler\ti-cgt-arm_20.2.7.LTS\lib\</path>
         <kind>archive</kind>
         <file>rtsv7M4_T_le_v4SPD16_eabi.lib</file>
         <name>copy_zero_init.c.obj</name>
      </input_file>
      <input_file id="fl-c2">
         <path>C:\ti\ccs1271\ccs\tools\compiler\ti-cgt-arm_20.2.7.LTS\lib\</path>
         <kind>archive</kind>
         <file>rtsv7M4_T_le_v4SPD16_eabi.lib</file>
         <name>copy_decompress_none.c.obj</name>
      </input_file>
      <input_file id="fl-c3">
         <path>C:\ti\ccs1271\ccs\tools\compiler\ti-cgt-arm_20.2.7.LTS\lib\</path>
         <kind>archive</kind>
         <file>rtsv7M4_T_le_v4SPD16_eabi.lib</file>
         <name>copy_decompress_lzss.c.obj</name>
      </input_file>
      <input_file id="fl-c4">
         <path>C:\ti\ccs1271\ccs\tools\compiler\ti-cgt-arm_20.2.7.LTS\lib\</path>
         <kind>archive</kind>
         <file>rtsv7M4_T_le_v4SPD16_eabi.lib</file>
         <name>boot_cortex_m.c.obj</name>
      </input_file>
      <input_file id="fl-c5">
         <path>C:\ti\ccs1271\ccs\tools\compiler\ti-cgt-arm_20.2.7.LTS\lib\</path>
         <kind>archive</kind>
         <file>rtsv7M4_T_le_v4SPD16_eabi.lib</file>
         <name>div0.asm.obj</name>
      </input_file>
      <input_file id="fl-c6">
         <path>C:\ti\ccs1271\ccs\tools\compiler\ti-cgt-arm_20.2.7.LTS\lib\</path>
         <kind>archive</kind>
         <file>rtsv7M4_T_le_v4SPD16_eabi.lib</file>
         <name>memcpy_t2.asm.obj</name>
      </input_file>
      <input_file id="fl-c7">
         <path>C:\ti\ccs1271\ccs\tools\compiler\ti-cgt-arm_20.2.7.LTS\lib\</path>
         <kind>archive</kind>
         <file>rtsv7M4_T_le_v4SPD16_eabi.lib</file>
         <name>memset_t2.asm.obj</name>
      </input_file>
      <input_file id="fl-c8">
         <path>C:\ti\ccs1271\ccs\tools\compiler\ti-cgt-arm_20.2.7.LTS\lib\</path>
         <kind>archive</kind>
         <file>rtsv7M4_T_le_v4SPD16_eabi.lib</file>
         <name>autoinit.c.obj</name>
      </input_file>
      <input_file id="fl-c9">
         <path>C:\ti\ccs1271\ccs\tools\compiler\ti-cgt-arm_20.2.7.LTS\lib\</path>
         <kind>archive</kind>
         <file>rtsv7M4_T_le_v4SPD16_eabi.lib</file>
         <name>pre_init.c.obj</name>
      </input_file>
      <input_file id="fl-ca">
         <path>C:\ti\ccs1271\ccs\tools\compiler\ti-cgt-arm_20.2.7.LTS\lib\</path>
         <kind>archive</kind>
         <file>rtsv7M4_T_le_v4SPD16_eabi.lib</file>
         <name>cpy_tbl.c.obj</name>
      </input_file>
      <input_file id="fl-cb">
         <path>C:\ti\ccs1271\ccs\tools\compiler\ti-cgt-arm_20.2.7.LTS\lib\</path>
         <kind>archive</kind>
         <file>rtsv7M4_T_le_v4SPD16_eabi.lib</file>
         <name>exit.c.obj</name>
      </input_file>
      <input_file id="fl-cc">
         <path>C:\ti\ccs1271\ccs\tools\compiler\ti-cgt-arm_20.2.7.LTS\lib\</path>
         <kind>archive</kind>
         <file>rtsv7M4_T_le_v4SPD16_eabi.lib</file>
         <name>_lock.c.obj</name>
      </input_file>
      <input_file id="fl-cd">
         <path>C:\ti\ccs1271\ccs\tools\compiler\ti-cgt-arm_20.2.7.LTS\lib\</path>
         <kind>archive</kind>
         <file>rtsv7M4_T_le_v4SPD16_eabi.lib</file>
         <name>args_main.c.obj</name>
      </input_file>
   </input_file_list>
   <object_component_list>
      <object_component id="oc-12">
         <name>.intvecs</name>
         <load_address>0x0</load_address>
         <run_address>0x0</run_address>
         <size>0x26c</size>
         <input_file_ref idref="fl-6"/>
      </object_component>
      <object_component id="oc-3b">
         <name>.text</name>
         <load_address>0x26c</load_address>
         <run_address>0x26c</run_address>
         <size>0x9c</size>
         <input_file_ref idref="fl-c6"/>
      </object_component>
      <object_component id="oc-15">
         <name>.text:decompress:lzss:__TI_decompress_lzss</name>
         <load_address>0x308</load_address>
         <run_address>0x308</run_address>
         <size>0x68</size>
         <input_file_ref idref="fl-c3"/>
      </object_component>
      <object_component id="oc-d4">
         <name>.text:__TI_auto_init_nobinit_nopinit:__TI_auto_init_nobinit_nopinit</name>
         <load_address>0x370</load_address>
         <run_address>0x370</run_address>
         <size>0x44</size>
         <input_file_ref idref="fl-c8"/>
      </object_component>
      <object_component id="oc-59">
         <name>.text:_c_int00_noargs:_c_int00_noargs</name>
         <load_address>0x3b4</load_address>
         <run_address>0x3b4</run_address>
         <size>0x34</size>
         <input_file_ref idref="fl-c4"/>
      </object_component>
      <object_component id="oc-9b">
         <name>.text</name>
         <load_address>0x3e8</load_address>
         <run_address>0x3e8</run_address>
         <size>0x10</size>
         <input_file_ref idref="fl-5"/>
      </object_component>
      <object_component id="oc-1b">
         <name>.text:decompress:none:__TI_decompress_none</name>
         <load_address>0x3f8</load_address>
         <run_address>0x3f8</run_address>
         <size>0xe</size>
         <input_file_ref idref="fl-c2"/>
      </object_component>
      <object_component id="oc-27">
         <name>.text</name>
         <load_address>0x406</load_address>
         <run_address>0x406</run_address>
         <size>0xc</size>
         <input_file_ref idref="fl-6"/>
      </object_component>
      <object_component id="oc-95">
         <name>.text:_system_pre_init</name>
         <load_address>0x412</load_address>
         <run_address>0x412</run_address>
         <size>0x4</size>
         <input_file_ref idref="fl-c9"/>
      </object_component>
      <object_component id="oc-c8">
         <name>.text:abort:abort</name>
         <load_address>0x416</load_address>
         <run_address>0x416</run_address>
         <size>0x4</size>
         <input_file_ref idref="fl-cb"/>
      </object_component>
      <object_component id="oc-183">
         <name>__TI_handler_table</name>
         <load_address>0x420</load_address>
         <run_address>0x420</run_address>
         <size>0x8</size>
      </object_component>
      <object_component id="oc-185">
         <name>.cinit..data.load</name>
         <load_address>0x428</load_address>
         <run_address>0x428</run_address>
         <size>0x6</size>
      </object_component>
      <object_component id="oc-184">
         <name>__TI_cinit_table</name>
         <load_address>0x430</load_address>
         <run_address>0x430</run_address>
         <size>0x8</size>
      </object_component>
      <object_component id="oc-c4">
         <name>.data</name>
         <load_address>0x20000200</load_address>
         <run_address>0x20000200</run_address>
         <size>0x2</size>
         <input_file_ref idref="fl-5"/>
      </object_component>
      <object_component id="oc-24">
         <name>.stack</name>
         <uninitialized>true</uninitialized>
         <run_address>0x20000000</run_address>
         <size>0x4</size>
         <input_file_ref idref="fl-c4"/>
      </object_component>
      <object_component id="oc-187">
         <name>.stack</name>
         <uninitialized>true</uninitialized>
         <run_address>0x20000000</run_address>
         <size>0x0</size>
      </object_component>
      <object_component id="oc-b2">
         <name>.debug_info</name>
         <load_address>0x0</load_address>
         <run_address>0x0</run_address>
         <size>0x28a</size>
         <input_file_ref idref="fl-2"/>
      </object_component>
      <object_component id="oc-70">
         <name>.debug_info</name>
         <load_address>0x28a</load_address>
         <run_address>0x28a</run_address>
         <size>0x26b</size>
         <input_file_ref idref="fl-2"/>
      </object_component>
      <object_component id="oc-36">
         <name>.debug_info</name>
         <load_address>0x4f5</load_address>
         <run_address>0x4f5</run_address>
         <size>0x84</size>
         <input_file_ref idref="fl-2"/>
      </object_component>
      <object_component id="oc-ad">
         <name>.debug_info</name>
         <load_address>0x579</load_address>
         <run_address>0x579</run_address>
         <size>0x2a4</size>
         <input_file_ref idref="fl-2"/>
      </object_component>
      <object_component id="oc-75">
         <name>.debug_info</name>
         <load_address>0x81d</load_address>
         <run_address>0x81d</run_address>
         <size>0xbb</size>
         <input_file_ref idref="fl-2"/>
      </object_component>
      <object_component id="oc-c5">
         <name>.debug_info</name>
         <load_address>0x8d8</load_address>
         <run_address>0x8d8</run_address>
         <size>0xd0</size>
         <input_file_ref idref="fl-5"/>
      </object_component>
      <object_component id="oc-9c">
         <name>.debug_info</name>
         <load_address>0x9a8</load_address>
         <run_address>0x9a8</run_address>
         <size>0xf4</size>
         <input_file_ref idref="fl-5"/>
      </object_component>
      <object_component id="oc-2f">
         <name>.debug_info</name>
         <load_address>0xa9c</load_address>
         <run_address>0xa9c</run_address>
         <size>0x2ab</size>
         <input_file_ref idref="fl-6"/>
      </object_component>
      <object_component id="oc-13">
         <name>.debug_info</name>
         <load_address>0xd47</load_address>
         <run_address>0xd47</run_address>
         <size>0xea</size>
         <input_file_ref idref="fl-6"/>
      </object_component>
      <object_component id="oc-29">
         <name>.debug_info</name>
         <load_address>0xe31</load_address>
         <run_address>0xe31</run_address>
         <size>0x266</size>
         <input_file_ref idref="fl-6"/>
      </object_component>
      <object_component id="oc-46">
         <name>.debug_info</name>
         <load_address>0x1097</load_address>
         <run_address>0x1097</run_address>
         <size>0x2a8</size>
         <input_file_ref idref="fl-c2"/>
      </object_component>
      <object_component id="oc-1f">
         <name>.debug_info</name>
         <load_address>0x133f</load_address>
         <run_address>0x133f</run_address>
         <size>0x1ea</size>
         <input_file_ref idref="fl-c2"/>
      </object_component>
      <object_component id="oc-41">
         <name>.debug_info</name>
         <load_address>0x1529</load_address>
         <run_address>0x1529</run_address>
         <size>0x46</size>
         <input_file_ref idref="fl-c2"/>
      </object_component>
      <object_component id="oc-81">
         <name>.debug_info</name>
         <load_address>0x156f</load_address>
         <run_address>0x156f</run_address>
         <size>0x2c</size>
         <input_file_ref idref="fl-c2"/>
      </object_component>
      <object_component id="oc-7f">
         <name>.debug_info</name>
         <load_address>0x159b</load_address>
         <run_address>0x159b</run_address>
         <size>0x29e</size>
         <input_file_ref idref="fl-c3"/>
      </object_component>
      <object_component id="oc-19">
         <name>.debug_info</name>
         <load_address>0x1839</load_address>
         <run_address>0x1839</run_address>
         <size>0x250</size>
         <input_file_ref idref="fl-c3"/>
      </object_component>
      <object_component id="oc-31">
         <name>.debug_info</name>
         <load_address>0x1a89</load_address>
         <run_address>0x1a89</run_address>
         <size>0x60</size>
         <input_file_ref idref="fl-c3"/>
      </object_component>
      <object_component id="oc-b4">
         <name>.debug_info</name>
         <load_address>0x1ae9</load_address>
         <run_address>0x1ae9</run_address>
         <size>0x46</size>
         <input_file_ref idref="fl-c3"/>
      </object_component>
      <object_component id="oc-7a">
         <name>.debug_info</name>
         <load_address>0x1b2f</load_address>
         <run_address>0x1b2f</run_address>
         <size>0x39</size>
         <input_file_ref idref="fl-c3"/>
      </object_component>
      <object_component id="oc-25">
         <name>.debug_info</name>
         <load_address>0x1b68</load_address>
         <run_address>0x1b68</run_address>
         <size>0x10b</size>
         <input_file_ref idref="fl-c4"/>
      </object_component>
      <object_component id="oc-5a">
         <name>.debug_info</name>
         <load_address>0x1c73</load_address>
         <run_address>0x1c73</run_address>
         <size>0x1a9</size>
         <input_file_ref idref="fl-c4"/>
      </object_component>
      <object_component id="oc-3d">
         <name>.debug_info</name>
         <load_address>0x1e1c</load_address>
         <run_address>0x1e1c</run_address>
         <size>0x119</size>
         <input_file_ref idref="fl-c6"/>
      </object_component>
      <object_component id="oc-115">
         <name>.debug_info</name>
         <load_address>0x1f35</load_address>
         <run_address>0x1f35</run_address>
         <size>0x4b3</size>
         <input_file_ref idref="fl-c8"/>
      </object_component>
      <object_component id="oc-d6">
         <name>.debug_info</name>
         <load_address>0x23e8</load_address>
         <run_address>0x23e8</run_address>
         <size>0x1a6</size>
         <input_file_ref idref="fl-c8"/>
      </object_component>
      <object_component id="oc-13a">
         <name>.debug_info</name>
         <load_address>0x258e</load_address>
         <run_address>0x258e</run_address>
         <size>0x39</size>
         <input_file_ref idref="fl-c8"/>
      </object_component>
      <object_component id="oc-14e">
         <name>.debug_info</name>
         <load_address>0x25c7</load_address>
         <run_address>0x25c7</run_address>
         <size>0x39</size>
         <input_file_ref idref="fl-c8"/>
      </object_component>
      <object_component id="oc-13f">
         <name>.debug_info</name>
         <load_address>0x2600</load_address>
         <run_address>0x2600</run_address>
         <size>0x39</size>
         <input_file_ref idref="fl-c8"/>
      </object_component>
      <object_component id="oc-144">
         <name>.debug_info</name>
         <load_address>0x2639</load_address>
         <run_address>0x2639</run_address>
         <size>0xcd</size>
         <input_file_ref idref="fl-c8"/>
      </object_component>
      <object_component id="oc-98">
         <name>.debug_info</name>
         <load_address>0x2706</load_address>
         <run_address>0x2706</run_address>
         <size>0x153</size>
         <input_file_ref idref="fl-c9"/>
      </object_component>
      <object_component id="oc-cb">
         <name>.debug_info</name>
         <load_address>0x2859</load_address>
         <run_address>0x2859</run_address>
         <size>0x122</size>
         <input_file_ref idref="fl-cb"/>
      </object_component>
      <object_component id="oc-188">
         <name>.debug_info</name>
         <load_address>0x297b</load_address>
         <run_address>0x297b</run_address>
         <size>0x9d</size>
      </object_component>
      <object_component id="oc-107">
         <name>.debug_line</name>
         <load_address>0x0</load_address>
         <run_address>0x0</run_address>
         <size>0x2d</size>
         <input_file_ref idref="fl-2"/>
      </object_component>
      <object_component id="oc-73">
         <name>.debug_line</name>
         <load_address>0x2d</load_address>
         <run_address>0x2d</run_address>
         <size>0x6f</size>
         <input_file_ref idref="fl-2"/>
      </object_component>
      <object_component id="oc-39">
         <name>.debug_line</name>
         <load_address>0x9c</load_address>
         <run_address>0x9c</run_address>
         <size>0x20</size>
         <input_file_ref idref="fl-2"/>
      </object_component>
      <object_component id="oc-b0">
         <name>.debug_line</name>
         <load_address>0xbc</load_address>
         <run_address>0xbc</run_address>
         <size>0x73</size>
         <input_file_ref idref="fl-2"/>
      </object_component>
      <object_component id="oc-78">
         <name>.debug_line</name>
         <load_address>0x12f</load_address>
         <run_address>0x12f</run_address>
         <size>0x70</size>
         <input_file_ref idref="fl-2"/>
      </object_component>
      <object_component id="oc-109">
         <name>.debug_line</name>
         <load_address>0x19f</load_address>
         <run_address>0x19f</run_address>
         <size>0x2d</size>
         <input_file_ref idref="fl-5"/>
      </object_component>
      <object_component id="oc-9f">
         <name>.debug_line</name>
         <load_address>0x1cc</load_address>
         <run_address>0x1cc</run_address>
         <size>0x45</size>
         <input_file_ref idref="fl-5"/>
      </object_component>
      <object_component id="oc-6f">
         <name>.debug_line</name>
         <load_address>0x211</load_address>
         <run_address>0x211</run_address>
         <size>0x41</size>
         <input_file_ref idref="fl-6"/>
      </object_component>
      <object_component id="oc-2e">
         <name>.debug_line</name>
         <load_address>0x252</load_address>
         <run_address>0x252</run_address>
         <size>0x41</size>
         <input_file_ref idref="fl-6"/>
      </object_component>
      <object_component id="oc-2c">
         <name>.debug_line</name>
         <load_address>0x293</load_address>
         <run_address>0x293</run_address>
         <size>0xa1</size>
         <input_file_ref idref="fl-6"/>
      </object_component>
      <object_component id="oc-87">
         <name>.debug_line</name>
         <load_address>0x334</load_address>
         <run_address>0x334</run_address>
         <size>0x20</size>
         <input_file_ref idref="fl-c2"/>
      </object_component>
      <object_component id="oc-1d">
         <name>.debug_line</name>
         <load_address>0x354</load_address>
         <run_address>0x354</run_address>
         <size>0x55</size>
         <input_file_ref idref="fl-c2"/>
      </object_component>
      <object_component id="oc-44">
         <name>.debug_line</name>
         <load_address>0x3a9</load_address>
         <run_address>0x3a9</run_address>
         <size>0x3a</size>
         <input_file_ref idref="fl-c2"/>
      </object_component>
      <object_component id="oc-84">
         <name>.debug_line</name>
         <load_address>0x3e3</load_address>
         <run_address>0x3e3</run_address>
         <size>0x92</size>
         <input_file_ref idref="fl-c2"/>
      </object_component>
      <object_component id="oc-ba">
         <name>.debug_line</name>
         <load_address>0x475</load_address>
         <run_address>0x475</run_address>
         <size>0x20</size>
         <input_file_ref idref="fl-c3"/>
      </object_component>
      <object_component id="oc-17">
         <name>.debug_line</name>
         <load_address>0x495</load_address>
         <run_address>0x495</run_address>
         <size>0xa9</size>
         <input_file_ref idref="fl-c3"/>
      </object_component>
      <object_component id="oc-34">
         <name>.debug_line</name>
         <load_address>0x53e</load_address>
         <run_address>0x53e</run_address>
         <size>0x3a</size>
         <input_file_ref idref="fl-c3"/>
      </object_component>
      <object_component id="oc-b7">
         <name>.debug_line</name>
         <load_address>0x578</load_address>
         <run_address>0x578</run_address>
         <size>0x9a</size>
         <input_file_ref idref="fl-c3"/>
      </object_component>
      <object_component id="oc-7d">
         <name>.debug_line</name>
         <load_address>0x612</load_address>
         <run_address>0x612</run_address>
         <size>0x96</size>
         <input_file_ref idref="fl-c3"/>
      </object_component>
      <object_component id="oc-6c">
         <name>.debug_line</name>
         <load_address>0x6a8</load_address>
         <run_address>0x6a8</run_address>
         <size>0x33</size>
         <input_file_ref idref="fl-c4"/>
      </object_component>
      <object_component id="oc-5d">
         <name>.debug_line</name>
         <load_address>0x6db</load_address>
         <run_address>0x6db</run_address>
         <size>0x45</size>
         <input_file_ref idref="fl-c4"/>
      </object_component>
      <object_component id="oc-3f">
         <name>.debug_line</name>
         <load_address>0x720</load_address>
         <run_address>0x720</run_address>
         <size>0x88</size>
         <input_file_ref idref="fl-c6"/>
      </object_component>
      <object_component id="oc-139">
         <name>.debug_line</name>
         <load_address>0x7a8</load_address>
         <run_address>0x7a8</run_address>
         <size>0xbf</size>
         <input_file_ref idref="fl-c8"/>
      </object_component>
      <object_component id="oc-d5">
         <name>.debug_line</name>
         <load_address>0x867</load_address>
         <run_address>0x867</run_address>
         <size>0x6f</size>
         <input_file_ref idref="fl-c8"/>
      </object_component>
      <object_component id="oc-13d">
         <name>.debug_line</name>
         <load_address>0x8d6</load_address>
         <run_address>0x8d6</run_address>
         <size>0x2e</size>
         <input_file_ref idref="fl-c8"/>
      </object_component>
      <object_component id="oc-151">
         <name>.debug_line</name>
         <load_address>0x904</load_address>
         <run_address>0x904</run_address>
         <size>0x9a</size>
         <input_file_ref idref="fl-c8"/>
      </object_component>
      <object_component id="oc-142">
         <name>.debug_line</name>
         <load_address>0x99e</load_address>
         <run_address>0x99e</run_address>
         <size>0x97</size>
         <input_file_ref idref="fl-c8"/>
      </object_component>
      <object_component id="oc-147">
         <name>.debug_line</name>
         <load_address>0xa35</load_address>
         <run_address>0xa35</run_address>
         <size>0x93</size>
         <input_file_ref idref="fl-c8"/>
      </object_component>
      <object_component id="oc-96">
         <name>.debug_line</name>
         <load_address>0xac8</load_address>
         <run_address>0xac8</run_address>
         <size>0x40</size>
         <input_file_ref idref="fl-c9"/>
      </object_component>
      <object_component id="oc-cd">
         <name>.debug_line</name>
         <load_address>0xb08</load_address>
         <run_address>0xb08</run_address>
         <size>0x3c</size>
         <input_file_ref idref="fl-cb"/>
      </object_component>
      <object_component id="oc-106">
         <name>.debug_abbrev</name>
         <load_address>0x0</load_address>
         <run_address>0x0</run_address>
         <size>0x51</size>
         <input_file_ref idref="fl-2"/>
      </object_component>
      <object_component id="oc-72">
         <name>.debug_abbrev</name>
         <load_address>0x51</load_address>
         <run_address>0x51</run_address>
         <size>0x69</size>
         <input_file_ref idref="fl-2"/>
      </object_component>
      <object_component id="oc-38">
         <name>.debug_abbrev</name>
         <load_address>0xba</load_address>
         <run_address>0xba</run_address>
         <size>0x1f</size>
         <input_file_ref idref="fl-2"/>
      </object_component>
      <object_component id="oc-af">
         <name>.debug_abbrev</name>
         <load_address>0xd9</load_address>
         <run_address>0xd9</run_address>
         <size>0x5c</size>
         <input_file_ref idref="fl-2"/>
      </object_component>
      <object_component id="oc-77">
         <name>.debug_abbrev</name>
         <load_address>0x135</load_address>
         <run_address>0x135</run_address>
         <size>0x24</size>
         <input_file_ref idref="fl-2"/>
      </object_component>
      <object_component id="oc-108">
         <name>.debug_abbrev</name>
         <load_address>0x159</load_address>
         <run_address>0x159</run_address>
         <size>0x29</size>
         <input_file_ref idref="fl-5"/>
      </object_component>
      <object_component id="oc-c7">
         <name>.debug_abbrev</name>
         <load_address>0x182</load_address>
         <run_address>0x182</run_address>
         <size>0x52</size>
         <input_file_ref idref="fl-5"/>
      </object_component>
      <object_component id="oc-6e">
         <name>.debug_abbrev</name>
         <load_address>0x1d4</load_address>
         <run_address>0x1d4</run_address>
         <size>0x68</size>
         <input_file_ref idref="fl-6"/>
      </object_component>
      <object_component id="oc-2d">
         <name>.debug_abbrev</name>
         <load_address>0x23c</load_address>
         <run_address>0x23c</run_address>
         <size>0x29</size>
         <input_file_ref idref="fl-6"/>
      </object_component>
      <object_component id="oc-6d">
         <name>.debug_abbrev</name>
         <load_address>0x265</load_address>
         <run_address>0x265</run_address>
         <size>0x79</size>
         <input_file_ref idref="fl-6"/>
      </object_component>
      <object_component id="oc-86">
         <name>.debug_abbrev</name>
         <load_address>0x2de</load_address>
         <run_address>0x2de</run_address>
         <size>0x37</size>
         <input_file_ref idref="fl-c2"/>
      </object_component>
      <object_component id="oc-40">
         <name>.debug_abbrev</name>
         <load_address>0x315</load_address>
         <run_address>0x315</run_address>
         <size>0x74</size>
         <input_file_ref idref="fl-c2"/>
      </object_component>
      <object_component id="oc-43">
         <name>.debug_abbrev</name>
         <load_address>0x389</load_address>
         <run_address>0x389</run_address>
         <size>0x24</size>
         <input_file_ref idref="fl-c2"/>
      </object_component>
      <object_component id="oc-83">
         <name>.debug_abbrev</name>
         <load_address>0x3ad</load_address>
         <run_address>0x3ad</run_address>
         <size>0x24</size>
         <input_file_ref idref="fl-c2"/>
      </object_component>
      <object_component id="oc-b9">
         <name>.debug_abbrev</name>
         <load_address>0x3d1</load_address>
         <run_address>0x3d1</run_address>
         <size>0x37</size>
         <input_file_ref idref="fl-c3"/>
      </object_component>
      <object_component id="oc-30">
         <name>.debug_abbrev</name>
         <load_address>0x408</load_address>
         <run_address>0x408</run_address>
         <size>0x6f</size>
         <input_file_ref idref="fl-c3"/>
      </object_component>
      <object_component id="oc-33">
         <name>.debug_abbrev</name>
         <load_address>0x477</load_address>
         <run_address>0x477</run_address>
         <size>0x24</size>
         <input_file_ref idref="fl-c3"/>
      </object_component>
      <object_component id="oc-b6">
         <name>.debug_abbrev</name>
         <load_address>0x49b</load_address>
         <run_address>0x49b</run_address>
         <size>0x35</size>
         <input_file_ref idref="fl-c3"/>
      </object_component>
      <object_component id="oc-7c">
         <name>.debug_abbrev</name>
         <load_address>0x4d0</load_address>
         <run_address>0x4d0</run_address>
         <size>0x24</size>
         <input_file_ref idref="fl-c3"/>
      </object_component>
      <object_component id="oc-6b">
         <name>.debug_abbrev</name>
         <load_address>0x4f4</load_address>
         <run_address>0x4f4</run_address>
         <size>0x29</size>
         <input_file_ref idref="fl-c4"/>
      </object_component>
      <object_component id="oc-a4">
         <name>.debug_abbrev</name>
         <load_address>0x51d</load_address>
         <run_address>0x51d</run_address>
         <size>0x55</size>
         <input_file_ref idref="fl-c4"/>
      </object_component>
      <object_component id="oc-80">
         <name>.debug_abbrev</name>
         <load_address>0x572</load_address>
         <run_address>0x572</run_address>
         <size>0x3e</size>
         <input_file_ref idref="fl-c6"/>
      </object_component>
      <object_component id="oc-138">
         <name>.debug_abbrev</name>
         <load_address>0x5b0</load_address>
         <run_address>0x5b0</run_address>
         <size>0xc0</size>
         <input_file_ref idref="fl-c8"/>
      </object_component>
      <object_component id="oc-114">
         <name>.debug_abbrev</name>
         <load_address>0x670</load_address>
         <run_address>0x670</run_address>
         <size>0x7e</size>
         <input_file_ref idref="fl-c8"/>
      </object_component>
      <object_component id="oc-13c">
         <name>.debug_abbrev</name>
         <load_address>0x6ee</load_address>
         <run_address>0x6ee</run_address>
         <size>0x24</size>
         <input_file_ref idref="fl-c8"/>
      </object_component>
      <object_component id="oc-150">
         <name>.debug_abbrev</name>
         <load_address>0x712</load_address>
         <run_address>0x712</run_address>
         <size>0x24</size>
         <input_file_ref idref="fl-c8"/>
      </object_component>
      <object_component id="oc-141">
         <name>.debug_abbrev</name>
         <load_address>0x736</load_address>
         <run_address>0x736</run_address>
         <size>0x24</size>
         <input_file_ref idref="fl-c8"/>
      </object_component>
      <object_component id="oc-146">
         <name>.debug_abbrev</name>
         <load_address>0x75a</load_address>
         <run_address>0x75a</run_address>
         <size>0x4b</size>
         <input_file_ref idref="fl-c8"/>
      </object_component>
      <object_component id="oc-c3">
         <name>.debug_abbrev</name>
         <load_address>0x7a5</load_address>
         <run_address>0x7a5</run_address>
         <size>0x55</size>
         <input_file_ref idref="fl-c9"/>
      </object_component>
      <object_component id="oc-10a">
         <name>.debug_abbrev</name>
         <load_address>0x7fa</load_address>
         <run_address>0x7fa</run_address>
         <size>0x45</size>
         <input_file_ref idref="fl-cb"/>
      </object_component>
      <object_component id="oc-189">
         <name>.debug_abbrev</name>
         <load_address>0x83f</load_address>
         <run_address>0x83f</run_address>
         <size>0xf</size>
      </object_component>
      <object_component id="oc-74">
         <name>.debug_str</name>
         <load_address>0x0</load_address>
         <run_address>0x0</run_address>
         <size>0x2ae</size>
         <input_file_ref idref="fl-2"/>
      </object_component>
      <object_component id="oc-3a">
         <name>.debug_str</name>
         <load_address>0x2ae</load_address>
         <run_address>0x2ae</run_address>
         <size>0xfd</size>
         <input_file_ref idref="fl-2"/>
      </object_component>
      <object_component id="oc-b1">
         <name>.debug_str</name>
         <load_address>0x3ab</load_address>
         <run_address>0x3ab</run_address>
         <size>0x344</size>
         <input_file_ref idref="fl-2"/>
      </object_component>
      <object_component id="oc-79">
         <name>.debug_str</name>
         <load_address>0x6ef</load_address>
         <run_address>0x6ef</run_address>
         <size>0x146</size>
         <input_file_ref idref="fl-2"/>
      </object_component>
      <object_component id="oc-45">
         <name>.debug_str</name>
         <load_address>0x835</load_address>
         <run_address>0x835</run_address>
         <size>0x10b</size>
         <input_file_ref idref="fl-c2"/>
      </object_component>
      <object_component id="oc-85">
         <name>.debug_str</name>
         <load_address>0x940</load_address>
         <run_address>0x940</run_address>
         <size>0x140</size>
         <input_file_ref idref="fl-c2"/>
      </object_component>
      <object_component id="oc-35">
         <name>.debug_str</name>
         <load_address>0xa80</load_address>
         <run_address>0xa80</run_address>
         <size>0x118</size>
         <input_file_ref idref="fl-c3"/>
      </object_component>
      <object_component id="oc-b8">
         <name>.debug_str</name>
         <load_address>0xb98</load_address>
         <run_address>0xb98</run_address>
         <size>0x16b</size>
         <input_file_ref idref="fl-c3"/>
      </object_component>
      <object_component id="oc-7e">
         <name>.debug_str</name>
         <load_address>0xd03</load_address>
         <run_address>0xd03</run_address>
         <size>0x158</size>
         <input_file_ref idref="fl-c3"/>
      </object_component>
      <object_component id="oc-13e">
         <name>.debug_str</name>
         <load_address>0xe5b</load_address>
         <run_address>0xe5b</run_address>
         <size>0xed</size>
         <input_file_ref idref="fl-c8"/>
      </object_component>
      <object_component id="oc-152">
         <name>.debug_str</name>
         <load_address>0xf48</load_address>
         <run_address>0xf48</run_address>
         <size>0x157</size>
         <input_file_ref idref="fl-c8"/>
      </object_component>
      <object_component id="oc-143">
         <name>.debug_str</name>
         <load_address>0x109f</load_address>
         <run_address>0x109f</run_address>
         <size>0x150</size>
         <input_file_ref idref="fl-c8"/>
      </object_component>
      <object_component id="oc-148">
         <name>.debug_str</name>
         <load_address>0x11ef</load_address>
         <run_address>0x11ef</run_address>
         <size>0x197</size>
         <input_file_ref idref="fl-c8"/>
      </object_component>
      <object_component id="oc-b3">
         <name>.debug_pubnames</name>
         <load_address>0x0</load_address>
         <run_address>0x0</run_address>
         <size>0x1d</size>
         <input_file_ref idref="fl-2"/>
      </object_component>
      <object_component id="oc-c6">
         <name>.debug_pubnames</name>
         <load_address>0x1d</load_address>
         <run_address>0x1d</run_address>
         <size>0x20</size>
         <input_file_ref idref="fl-5"/>
      </object_component>
      <object_component id="oc-9d">
         <name>.debug_pubnames</name>
         <load_address>0x3d</load_address>
         <run_address>0x3d</run_address>
         <size>0x1b</size>
         <input_file_ref idref="fl-5"/>
      </object_component>
      <object_component id="oc-14">
         <name>.debug_pubnames</name>
         <load_address>0x58</load_address>
         <run_address>0x58</run_address>
         <size>0x23</size>
         <input_file_ref idref="fl-6"/>
      </object_component>
      <object_component id="oc-2a">
         <name>.debug_pubnames</name>
         <load_address>0x7b</load_address>
         <run_address>0x7b</run_address>
         <size>0x4c</size>
         <input_file_ref idref="fl-6"/>
      </object_component>
      <object_component id="oc-20">
         <name>.debug_pubnames</name>
         <load_address>0xc7</load_address>
         <run_address>0xc7</run_address>
         <size>0x2b</size>
         <input_file_ref idref="fl-c2"/>
      </object_component>
      <object_component id="oc-1a">
         <name>.debug_pubnames</name>
         <load_address>0xf2</load_address>
         <run_address>0xf2</run_address>
         <size>0x2b</size>
         <input_file_ref idref="fl-c3"/>
      </object_component>
      <object_component id="oc-26">
         <name>.debug_pubnames</name>
         <load_address>0x11d</load_address>
         <run_address>0x11d</run_address>
         <size>0x1e</size>
         <input_file_ref idref="fl-c4"/>
      </object_component>
      <object_component id="oc-5b">
         <name>.debug_pubnames</name>
         <load_address>0x13b</load_address>
         <run_address>0x13b</run_address>
         <size>0x26</size>
         <input_file_ref idref="fl-c4"/>
      </object_component>
      <object_component id="oc-3e">
         <name>.debug_pubnames</name>
         <load_address>0x161</load_address>
         <run_address>0x161</run_address>
         <size>0x1d</size>
         <input_file_ref idref="fl-c6"/>
      </object_component>
      <object_component id="oc-d7">
         <name>.debug_pubnames</name>
         <load_address>0x17e</load_address>
         <run_address>0x17e</run_address>
         <size>0x35</size>
         <input_file_ref idref="fl-c8"/>
      </object_component>
      <object_component id="oc-9a">
         <name>.debug_pubnames</name>
         <load_address>0x1b3</load_address>
         <run_address>0x1b3</run_address>
         <size>0x27</size>
         <input_file_ref idref="fl-c9"/>
      </object_component>
      <object_component id="oc-cc">
         <name>.debug_pubnames</name>
         <load_address>0x1da</load_address>
         <run_address>0x1da</run_address>
         <size>0x1c</size>
         <input_file_ref idref="fl-cb"/>
      </object_component>
      <object_component id="oc-71">
         <name>.debug_pubtypes</name>
         <load_address>0x0</load_address>
         <run_address>0x0</run_address>
         <size>0x25c</size>
         <input_file_ref idref="fl-2"/>
      </object_component>
      <object_component id="oc-37">
         <name>.debug_pubtypes</name>
         <load_address>0x25c</load_address>
         <run_address>0x25c</run_address>
         <size>0xed</size>
         <input_file_ref idref="fl-2"/>
      </object_component>
      <object_component id="oc-ae">
         <name>.debug_pubtypes</name>
         <load_address>0x349</load_address>
         <run_address>0x349</run_address>
         <size>0x330</size>
         <input_file_ref idref="fl-2"/>
      </object_component>
      <object_component id="oc-76">
         <name>.debug_pubtypes</name>
         <load_address>0x679</load_address>
         <run_address>0x679</run_address>
         <size>0xaa</size>
         <input_file_ref idref="fl-2"/>
      </object_component>
      <object_component id="oc-42">
         <name>.debug_pubtypes</name>
         <load_address>0x723</load_address>
         <run_address>0x723</run_address>
         <size>0x48</size>
         <input_file_ref idref="fl-c2"/>
      </object_component>
      <object_component id="oc-82">
         <name>.debug_pubtypes</name>
         <load_address>0x76b</load_address>
         <run_address>0x76b</run_address>
         <size>0x1d</size>
         <input_file_ref idref="fl-c2"/>
      </object_component>
      <object_component id="oc-32">
         <name>.debug_pubtypes</name>
         <load_address>0x788</load_address>
         <run_address>0x788</run_address>
         <size>0x5d</size>
         <input_file_ref idref="fl-c3"/>
      </object_component>
      <object_component id="oc-b5">
         <name>.debug_pubtypes</name>
         <load_address>0x7e5</load_address>
         <run_address>0x7e5</run_address>
         <size>0x48</size>
         <input_file_ref idref="fl-c3"/>
      </object_component>
      <object_component id="oc-7b">
         <name>.debug_pubtypes</name>
         <load_address>0x82d</load_address>
         <run_address>0x82d</run_address>
         <size>0x35</size>
         <input_file_ref idref="fl-c3"/>
      </object_component>
      <object_component id="oc-13b">
         <name>.debug_pubtypes</name>
         <load_address>0x862</load_address>
         <run_address>0x862</run_address>
         <size>0x32</size>
         <input_file_ref idref="fl-c8"/>
      </object_component>
      <object_component id="oc-14f">
         <name>.debug_pubtypes</name>
         <load_address>0x894</load_address>
         <run_address>0x894</run_address>
         <size>0x30</size>
         <input_file_ref idref="fl-c8"/>
      </object_component>
      <object_component id="oc-140">
         <name>.debug_pubtypes</name>
         <load_address>0x8c4</load_address>
         <run_address>0x8c4</run_address>
         <size>0x2c</size>
         <input_file_ref idref="fl-c8"/>
      </object_component>
      <object_component id="oc-145">
         <name>.debug_pubtypes</name>
         <load_address>0x8f0</load_address>
         <run_address>0x8f0</run_address>
         <size>0x50</size>
         <input_file_ref idref="fl-c8"/>
      </object_component>
      <object_component id="oc-a0">
         <name>.debug_frame</name>
         <load_address>0x0</load_address>
         <run_address>0x0</run_address>
         <size>0x54</size>
         <input_file_ref idref="fl-5"/>
      </object_component>
      <object_component id="oc-28">
         <name>.debug_frame</name>
         <load_address>0x54</load_address>
         <run_address>0x54</run_address>
         <size>0x90</size>
         <input_file_ref idref="fl-6"/>
      </object_component>
      <object_component id="oc-1e">
         <name>.debug_frame</name>
         <load_address>0xe4</load_address>
         <run_address>0xe4</run_address>
         <size>0x54</size>
         <input_file_ref idref="fl-c2"/>
      </object_component>
      <object_component id="oc-18">
         <name>.debug_frame</name>
         <load_address>0x138</load_address>
         <run_address>0x138</run_address>
         <size>0x60</size>
         <input_file_ref idref="fl-c3"/>
      </object_component>
      <object_component id="oc-5e">
         <name>.debug_frame</name>
         <load_address>0x198</load_address>
         <run_address>0x198</run_address>
         <size>0x50</size>
         <input_file_ref idref="fl-c4"/>
      </object_component>
      <object_component id="oc-d9">
         <name>.debug_frame</name>
         <load_address>0x1e8</load_address>
         <run_address>0x1e8</run_address>
         <size>0x5c</size>
         <input_file_ref idref="fl-c8"/>
      </object_component>
      <object_component id="oc-97">
         <name>.debug_frame</name>
         <load_address>0x244</load_address>
         <run_address>0x244</run_address>
         <size>0x54</size>
         <input_file_ref idref="fl-c9"/>
      </object_component>
      <object_component id="oc-ca">
         <name>.debug_frame</name>
         <load_address>0x298</load_address>
         <run_address>0x298</run_address>
         <size>0x54</size>
         <input_file_ref idref="fl-cb"/>
      </object_component>
      <object_component id="oc-9e">
         <name>.debug_aranges</name>
         <load_address>0x0</load_address>
         <run_address>0x0</run_address>
         <size>0x20</size>
         <input_file_ref idref="fl-5"/>
      </object_component>
      <object_component id="oc-2b">
         <name>.debug_aranges</name>
         <load_address>0x20</load_address>
         <run_address>0x20</run_address>
         <size>0x38</size>
         <input_file_ref idref="fl-6"/>
      </object_component>
      <object_component id="oc-1c">
         <name>.debug_aranges</name>
         <load_address>0x58</load_address>
         <run_address>0x58</run_address>
         <size>0x20</size>
         <input_file_ref idref="fl-c2"/>
      </object_component>
      <object_component id="oc-16">
         <name>.debug_aranges</name>
         <load_address>0x78</load_address>
         <run_address>0x78</run_address>
         <size>0x20</size>
         <input_file_ref idref="fl-c3"/>
      </object_component>
      <object_component id="oc-5c">
         <name>.debug_aranges</name>
         <load_address>0x98</load_address>
         <run_address>0x98</run_address>
         <size>0x20</size>
         <input_file_ref idref="fl-c4"/>
      </object_component>
      <object_component id="oc-3c">
         <name>.debug_aranges</name>
         <load_address>0xb8</load_address>
         <run_address>0xb8</run_address>
         <size>0x20</size>
         <input_file_ref idref="fl-c6"/>
      </object_component>
      <object_component id="oc-d8">
         <name>.debug_aranges</name>
         <load_address>0xd8</load_address>
         <run_address>0xd8</run_address>
         <size>0x20</size>
         <input_file_ref idref="fl-c8"/>
      </object_component>
      <object_component id="oc-99">
         <name>.debug_aranges</name>
         <load_address>0xf8</load_address>
         <run_address>0xf8</run_address>
         <size>0x20</size>
         <input_file_ref idref="fl-c9"/>
      </object_component>
      <object_component id="oc-c9">
         <name>.debug_aranges</name>
         <load_address>0x118</load_address>
         <run_address>0x118</run_address>
         <size>0x20</size>
         <input_file_ref idref="fl-cb"/>
      </object_component>
   </object_component_list>
   <logical_group_list>
      <logical_group id="lg-3" display="no" color="cyan">
         <name>.intvecs</name>
         <load_address>0x0</load_address>
         <run_address>0x0</run_address>
         <size>0x26c</size>
         <contents>
            <object_component_ref idref="oc-12"/>
         </contents>
      </logical_group>
      <logical_group id="lg-4" display="no" color="cyan">
         <name>.text</name>
         <load_address>0x26c</load_address>
         <run_address>0x26c</run_address>
         <size>0x1ae</size>
         <contents>
            <object_component_ref idref="oc-3b"/>
            <object_component_ref idref="oc-15"/>
            <object_component_ref idref="oc-d4"/>
            <object_component_ref idref="oc-59"/>
            <object_component_ref idref="oc-9b"/>
            <object_component_ref idref="oc-1b"/>
            <object_component_ref idref="oc-27"/>
            <object_component_ref idref="oc-95"/>
            <object_component_ref idref="oc-c8"/>
         </contents>
      </logical_group>
      <logical_group id="lg-5" display="no" color="cyan">
         <name>.const</name>
         <run_address>0x0</run_address>
         <size>0x0</size>
         <contents>
         </contents>
      </logical_group>
      <logical_group id="lg-6" display="no" color="cyan">
         <name>.cinit</name>
         <load_address>0x420</load_address>
         <run_address>0x420</run_address>
         <size>0x18</size>
         <contents>
            <object_component_ref idref="oc-183"/>
            <object_component_ref idref="oc-185"/>
            <object_component_ref idref="oc-184"/>
         </contents>
      </logical_group>
      <logical_group id="lg-7" display="no" color="cyan">
         <name>.pinit</name>
         <run_address>0x0</run_address>
         <size>0x0</size>
         <contents>
         </contents>
      </logical_group>
      <logical_group id="lg-8" display="no" color="cyan">
         <name>.init_array</name>
         <run_address>0x0</run_address>
         <size>0x0</size>
         <contents>
         </contents>
      </logical_group>
      <logical_group id="lg-9" display="no" color="cyan">
         <name>.vtable</name>
         <run_address>0x0</run_address>
         <size>0x0</size>
         <contents>
         </contents>
      </logical_group>
      <logical_group id="lg-a" display="no" color="cyan">
         <name>.data</name>
         <run_address>0x20000200</run_address>
         <size>0x2</size>
         <contents>
            <object_component_ref idref="oc-c4"/>
         </contents>
      </logical_group>
      <logical_group id="lg-b" display="no" color="cyan">
         <name>.bss</name>
         <run_address>0x0</run_address>
         <size>0x0</size>
         <contents>
         </contents>
      </logical_group>
      <logical_group id="lg-c" display="no" color="cyan">
         <name>.sysmem</name>
         <run_address>0x0</run_address>
         <size>0x0</size>
         <contents>
         </contents>
      </logical_group>
      <logical_group id="lg-d" display="no" color="cyan">
         <name>.stack</name>
         <run_address>0x20000000</run_address>
         <size>0x200</size>
         <contents>
            <object_component_ref idref="oc-24"/>
            <object_component_ref idref="oc-187"/>
         </contents>
      </logical_group>
      <logical_group id="lg-15a" display="no" color="cyan">
         <name>.TI.noinit</name>
         <run_address>0x0</run_address>
         <size>0x0</size>
         <contents>
         </contents>
      </logical_group>
      <logical_group id="lg-15b" display="no" color="cyan">
         <name>.TI.persistent</name>
         <run_address>0x0</run_address>
         <size>0x0</size>
         <contents>
         </contents>
      </logical_group>
      <logical_group id="lg-15c" display="no" color="cyan">
         <name>__llvm_prf_cnts</name>
         <run_address>0x20000000</run_address>
         <size>0x0</size>
         <contents>
         </contents>
      </logical_group>
      <logical_group id="lg-16b" display="never" color="cyan">
         <name>.debug_info</name>
         <load_address>0x0</load_address>
         <run_address>0x0</run_address>
         <size>0x2a18</size>
         <contents>
            <object_component_ref idref="oc-b2"/>
            <object_component_ref idref="oc-70"/>
            <object_component_ref idref="oc-36"/>
            <object_component_ref idref="oc-ad"/>
            <object_component_ref idref="oc-75"/>
            <object_component_ref idref="oc-c5"/>
            <object_component_ref idref="oc-9c"/>
            <object_component_ref idref="oc-2f"/>
            <object_component_ref idref="oc-13"/>
            <object_component_ref idref="oc-29"/>
            <object_component_ref idref="oc-46"/>
            <object_component_ref idref="oc-1f"/>
            <object_component_ref idref="oc-41"/>
            <object_component_ref idref="oc-81"/>
            <object_component_ref idref="oc-7f"/>
            <object_component_ref idref="oc-19"/>
            <object_component_ref idref="oc-31"/>
            <object_component_ref idref="oc-b4"/>
            <object_component_ref idref="oc-7a"/>
            <object_component_ref idref="oc-25"/>
            <object_component_ref idref="oc-5a"/>
            <object_component_ref idref="oc-3d"/>
            <object_component_ref idref="oc-115"/>
            <object_component_ref idref="oc-d6"/>
            <object_component_ref idref="oc-13a"/>
            <object_component_ref idref="oc-14e"/>
            <object_component_ref idref="oc-13f"/>
            <object_component_ref idref="oc-144"/>
            <object_component_ref idref="oc-98"/>
            <object_component_ref idref="oc-cb"/>
            <object_component_ref idref="oc-188"/>
         </contents>
      </logical_group>
      <logical_group id="lg-16d" display="never" color="cyan">
         <name>.debug_line</name>
         <load_address>0x0</load_address>
         <run_address>0x0</run_address>
         <size>0xb44</size>
         <contents>
            <object_component_ref idref="oc-107"/>
            <object_component_ref idref="oc-73"/>
            <object_component_ref idref="oc-39"/>
            <object_component_ref idref="oc-b0"/>
            <object_component_ref idref="oc-78"/>
            <object_component_ref idref="oc-109"/>
            <object_component_ref idref="oc-9f"/>
            <object_component_ref idref="oc-6f"/>
            <object_component_ref idref="oc-2e"/>
            <object_component_ref idref="oc-2c"/>
            <object_component_ref idref="oc-87"/>
            <object_component_ref idref="oc-1d"/>
            <object_component_ref idref="oc-44"/>
            <object_component_ref idref="oc-84"/>
            <object_component_ref idref="oc-ba"/>
            <object_component_ref idref="oc-17"/>
            <object_component_ref idref="oc-34"/>
            <object_component_ref idref="oc-b7"/>
            <object_component_ref idref="oc-7d"/>
            <object_component_ref idref="oc-6c"/>
            <object_component_ref idref="oc-5d"/>
            <object_component_ref idref="oc-3f"/>
            <object_component_ref idref="oc-139"/>
            <object_component_ref idref="oc-d5"/>
            <object_component_ref idref="oc-13d"/>
            <object_component_ref idref="oc-151"/>
            <object_component_ref idref="oc-142"/>
            <object_component_ref idref="oc-147"/>
            <object_component_ref idref="oc-96"/>
            <object_component_ref idref="oc-cd"/>
         </contents>
      </logical_group>
      <logical_group id="lg-16f" display="never" color="cyan">
         <name>.debug_abbrev</name>
         <load_address>0x0</load_address>
         <run_address>0x0</run_address>
         <size>0x84e</size>
         <contents>
            <object_component_ref idref="oc-106"/>
            <object_component_ref idref="oc-72"/>
            <object_component_ref idref="oc-38"/>
            <object_component_ref idref="oc-af"/>
            <object_component_ref idref="oc-77"/>
            <object_component_ref idref="oc-108"/>
            <object_component_ref idref="oc-c7"/>
            <object_component_ref idref="oc-6e"/>
            <object_component_ref idref="oc-2d"/>
            <object_component_ref idref="oc-6d"/>
            <object_component_ref idref="oc-86"/>
            <object_component_ref idref="oc-40"/>
            <object_component_ref idref="oc-43"/>
            <object_component_ref idref="oc-83"/>
            <object_component_ref idref="oc-b9"/>
            <object_component_ref idref="oc-30"/>
            <object_component_ref idref="oc-33"/>
            <object_component_ref idref="oc-b6"/>
            <object_component_ref idref="oc-7c"/>
            <object_component_ref idref="oc-6b"/>
            <object_component_ref idref="oc-a4"/>
            <object_component_ref idref="oc-80"/>
            <object_component_ref idref="oc-138"/>
            <object_component_ref idref="oc-114"/>
            <object_component_ref idref="oc-13c"/>
            <object_component_ref idref="oc-150"/>
            <object_component_ref idref="oc-141"/>
            <object_component_ref idref="oc-146"/>
            <object_component_ref idref="oc-c3"/>
            <object_component_ref idref="oc-10a"/>
            <object_component_ref idref="oc-189"/>
         </contents>
      </logical_group>
      <logical_group id="lg-171" display="never" color="cyan">
         <name>.debug_str</name>
         <load_address>0x0</load_address>
         <run_address>0x0</run_address>
         <size>0x1386</size>
         <contents>
            <object_component_ref idref="oc-74"/>
            <object_component_ref idref="oc-3a"/>
            <object_component_ref idref="oc-b1"/>
            <object_component_ref idref="oc-79"/>
            <object_component_ref idref="oc-45"/>
            <object_component_ref idref="oc-85"/>
            <object_component_ref idref="oc-35"/>
            <object_component_ref idref="oc-b8"/>
            <object_component_ref idref="oc-7e"/>
            <object_component_ref idref="oc-13e"/>
            <object_component_ref idref="oc-152"/>
            <object_component_ref idref="oc-143"/>
            <object_component_ref idref="oc-148"/>
         </contents>
      </logical_group>
      <logical_group id="lg-173" display="never" color="cyan">
         <name>.debug_pubnames</name>
         <load_address>0x0</load_address>
         <run_address>0x0</run_address>
         <size>0x1f6</size>
         <contents>
            <object_component_ref idref="oc-b3"/>
            <object_component_ref idref="oc-c6"/>
            <object_component_ref idref="oc-9d"/>
            <object_component_ref idref="oc-14"/>
            <object_component_ref idref="oc-2a"/>
            <object_component_ref idref="oc-20"/>
            <object_component_ref idref="oc-1a"/>
            <object_component_ref idref="oc-26"/>
            <object_component_ref idref="oc-5b"/>
            <object_component_ref idref="oc-3e"/>
            <object_component_ref idref="oc-d7"/>
            <object_component_ref idref="oc-9a"/>
            <object_component_ref idref="oc-cc"/>
         </contents>
      </logical_group>
      <logical_group id="lg-175" display="never" color="cyan">
         <name>.debug_pubtypes</name>
         <load_address>0x0</load_address>
         <run_address>0x0</run_address>
         <size>0x940</size>
         <contents>
            <object_component_ref idref="oc-71"/>
            <object_component_ref idref="oc-37"/>
            <object_component_ref idref="oc-ae"/>
            <object_component_ref idref="oc-76"/>
            <object_component_ref idref="oc-42"/>
            <object_component_ref idref="oc-82"/>
            <object_component_ref idref="oc-32"/>
            <object_component_ref idref="oc-b5"/>
            <object_component_ref idref="oc-7b"/>
            <object_component_ref idref="oc-13b"/>
            <object_component_ref idref="oc-14f"/>
            <object_component_ref idref="oc-140"/>
            <object_component_ref idref="oc-145"/>
         </contents>
      </logical_group>
      <logical_group id="lg-177" display="never" color="cyan">
         <name>.debug_frame</name>
         <load_address>0x0</load_address>
         <run_address>0x0</run_address>
         <size>0x2ec</size>
         <contents>
            <object_component_ref idref="oc-a0"/>
            <object_component_ref idref="oc-28"/>
            <object_component_ref idref="oc-1e"/>
            <object_component_ref idref="oc-18"/>
            <object_component_ref idref="oc-5e"/>
            <object_component_ref idref="oc-d9"/>
            <object_component_ref idref="oc-97"/>
            <object_component_ref idref="oc-ca"/>
         </contents>
      </logical_group>
      <logical_group id="lg-179" display="never" color="cyan">
         <name>.debug_aranges</name>
         <load_address>0x0</load_address>
         <run_address>0x0</run_address>
         <size>0x138</size>
         <contents>
            <object_component_ref idref="oc-9e"/>
            <object_component_ref idref="oc-2b"/>
            <object_component_ref idref="oc-1c"/>
            <object_component_ref idref="oc-16"/>
            <object_component_ref idref="oc-5c"/>
            <object_component_ref idref="oc-3c"/>
            <object_component_ref idref="oc-d8"/>
            <object_component_ref idref="oc-99"/>
            <object_component_ref idref="oc-c9"/>
         </contents>
      </logical_group>
      <logical_group id="lg-186" display="no" color="cyan">
         <name>Veneer$$CMSE</name>
         <run_address>0x0</run_address>
         <size>0x0</size>
         <contents>
         </contents>
      </logical_group>
      <load_segment id="lg-18b" display="no" color="cyan">
         <name>SEGMENT_0</name>
         <load_address>0x0</load_address>
         <run_address>0x0</run_address>
         <size>0x438</size>
         <flags>0x5</flags>
         <contents>
            <logical_group_ref idref="lg-3"/>
            <logical_group_ref idref="lg-4"/>
            <logical_group_ref idref="lg-6"/>
         </contents>
      </load_segment>
      <load_segment id="lg-18c" display="no" color="cyan">
         <name>SEGMENT_1</name>
         <run_address>0x20000000</run_address>
         <size>0x202</size>
         <flags>0x6</flags>
         <contents>
            <logical_group_ref idref="lg-d"/>
            <logical_group_ref idref="lg-a"/>
         </contents>
      </load_segment>
   </logical_group_list>
   <placement_map>
      <memory_area display="yes" color="green">
         <name>FLASH</name>
         <page_id>0x0</page_id>
         <origin>0x0</origin>
         <length>0x40000</length>
         <used_space>0x432</used_space>
         <unused_space>0x3fbce</unused_space>
         <attributes>RX</attributes>
         <usage_details>
            <allocated_space>
               <start_address>0x0</start_address>
               <size>0x26c</size>
               <logical_group_ref idref="lg-3"/>
            </allocated_space>
            <allocated_space>
               <start_address>0x26c</start_address>
               <size>0x1ae</size>
               <logical_group_ref idref="lg-4"/>
            </allocated_space>
            <available_space>
               <start_address>0x41a</start_address>
               <size>0x6</size>
            </available_space>
            <allocated_space>
               <start_address>0x420</start_address>
               <size>0x18</size>
               <logical_group_ref idref="lg-6"/>
            </allocated_space>
            <available_space>
               <start_address>0x438</start_address>
               <size>0x3fbc8</size>
            </available_space>
         </usage_details>
      </memory_area>
      <memory_area display="yes" color="green">
         <name>SRAM</name>
         <page_id>0x0</page_id>
         <origin>0x20000000</origin>
         <length>0x8000</length>
         <used_space>0x202</used_space>
         <unused_space>0x7dfe</unused_space>
         <attributes>RWX</attributes>
         <usage_details>
            <allocated_space>
               <start_address>0x20000000</start_address>
               <size>0x0</size>
               <logical_group_ref idref="lg-15c"/>
            </allocated_space>
            <allocated_space>
               <start_address>0x20000000</start_address>
               <size>0x200</size>
               <logical_group_ref idref="lg-d"/>
            </allocated_space>
            <allocated_space>
               <start_address>0x20000200</start_address>
               <size>0x2</size>
               <logical_group_ref idref="lg-a"/>
            </allocated_space>
            <available_space>
               <start_address>0x20000202</start_address>
               <size>0x7dfe</size>
            </available_space>
         </usage_details>
      </memory_area>
   </placement_map>
   <cptbl_list>
      <cptbl>
         <name>__TI_cinit_table</name>
         <cprec>
            <name>.data</name>
            <load_address>0x428</load_address>
            <load_size>0x6</load_size>
            <run_address>0x20000200</run_address>
            <run_size>0x2</run_size>
            <compression>lzss</compression>
         </cprec>
      </cptbl>
   </cptbl_list>
   <handler_table>
      <handler_table_name>__TI_handler_table</handler_table_name>
      <handler>
         <index>0x0</index>
         <name>__TI_decompress_lzss</name>
      </handler>
      <handler>
         <index>0x1</index>
         <name>__TI_decompress_none</name>
      </handler>
   </handler_table>
   <symbol_table>
      <symbol id="sm-1">
         <name>__STACK_TOP</name>
         <value>0x20000200</value>
      </symbol>
      <symbol id="sm-2">
         <name>__start___llvm_prf_cnts</name>
         <value>0x20000000</value>
      </symbol>
      <symbol id="sm-3">
         <name>__stop___llvm_prf_cnts</name>
         <value>0x20000000</value>
      </symbol>
      <symbol id="sm-4">
         <name>__TI_CINIT_Base</name>
         <value>0x430</value>
      </symbol>
      <symbol id="sm-5">
         <name>__TI_CINIT_Limit</name>
         <value>0x438</value>
      </symbol>
      <symbol id="sm-6">
         <name>__TI_Handler_Table_Base</name>
         <value>0x420</value>
      </symbol>
      <symbol id="sm-7">
         <name>__TI_Handler_Table_Limit</name>
         <value>0x428</value>
      </symbol>
      <symbol id="sm-8">
         <name>binit</name>
         <value>0xffffffff</value>
      </symbol>
      <symbol id="sm-9">
         <name>__binit__</name>
         <value>0xffffffff</value>
      </symbol>
      <symbol id="sm-a">
         <name>__STACK_SIZE</name>
         <value>0x200</value>
      </symbol>
      <symbol id="sm-b">
         <name>__STACK_END</name>
         <value>0x20000200</value>
      </symbol>
      <symbol id="sm-c">
         <name>__c_args__</name>
         <value>0xffffffff</value>
      </symbol>
      <symbol id="sm-d">
         <name>__TI_pprof_out_hndl</name>
         <value>0xffffffff</value>
      </symbol>
      <symbol id="sm-e">
         <name>__TI_prof_data_start</name>
         <value>0xffffffff</value>
      </symbol>
      <symbol id="sm-f">
         <name>__TI_prof_data_size</name>
         <value>0xffffffff</value>
      </symbol>
      <symbol id="sm-53">
         <name>main</name>
         <value>0x3e9</value>
         <object_component_ref idref="oc-9b"/>
      </symbol>
      <symbol id="sm-54">
         <name>dataReady</name>
         <value>0x20000200</value>
         <object_component_ref idref="oc-c4"/>
      </symbol>
      <symbol id="sm-70">
         <name>ResetISR</name>
         <value>0x407</value>
         <object_component_ref idref="oc-27"/>
      </symbol>
      <symbol id="sm-71">
         <name>g_pfnVectors</name>
         <value>0x0</value>
         <object_component_ref idref="oc-12"/>
      </symbol>
      <symbol id="sm-8a">
         <name>__TI_decompress_none</name>
         <value>0x3f9</value>
         <object_component_ref idref="oc-1b"/>
      </symbol>
      <symbol id="sm-ad">
         <name>__TI_decompress_lzss</name>
         <value>0x309</value>
         <object_component_ref idref="oc-15"/>
      </symbol>
      <symbol id="sm-c0">
         <name>__stack</name>
         <value>0x20000000</value>
         <object_component_ref idref="oc-24"/>
      </symbol>
      <symbol id="sm-c1">
         <name>_c_int00_noargs</name>
         <value>0x3b5</value>
         <object_component_ref idref="oc-59"/>
      </symbol>
      <symbol id="sm-dd">
         <name>memcpy</name>
         <value>0x26d</value>
         <object_component_ref idref="oc-3b"/>
      </symbol>
      <symbol id="sm-de">
         <name>__aeabi_memcpy</name>
         <value>0x26d</value>
         <object_component_ref idref="oc-3b"/>
      </symbol>
      <symbol id="sm-df">
         <name>__aeabi_memcpy8</name>
         <value>0x26d</value>
         <object_component_ref idref="oc-3b"/>
      </symbol>
      <symbol id="sm-e0">
         <name>__aeabi_memcpy4</name>
         <value>0x26d</value>
         <object_component_ref idref="oc-3b"/>
      </symbol>
      <symbol id="sm-109">
         <name>__TI_auto_init_nobinit_nopinit</name>
         <value>0x371</value>
         <object_component_ref idref="oc-d4"/>
      </symbol>
      <symbol id="sm-113">
         <name>_system_pre_init</name>
         <value>0x413</value>
         <object_component_ref idref="oc-95"/>
      </symbol>
      <symbol id="sm-11f">
         <name>C$$EXIT</name>
         <value>0x417</value>
         <object_component_ref idref="oc-c8"/>
      </symbol>
      <symbol id="sm-120">
         <name>abort</name>
         <value>0x417</value>
         <object_component_ref idref="oc-c8"/>
      </symbol>
      <symbol id="sm-123">
         <name>__TI_static_base__</name>
         <value>0x0</value>
      </symbol>
      <symbol id="sm-126">
         <name>__mpu_init</name>
         <value>0x0</value>
      </symbol>
      <symbol id="sm-127">
         <name>_system_post_cinit</name>
         <value>0x0</value>
      </symbol>
   </symbol_table>
   <title>Link successful</title>
</link_info>
